,LABEL-1,LABEL-3,LABEL-4,LABEL-5,LABEL-12,review,store,score_new,pos_neg
1,https://lh3.googleusercontent.com/a-/AOh14Gj5KtDvC9stuYLkLIz2im9ScXqrco7Y3ZgVYvYuXdo=w45-h45-p-c0x00000000-rp-mo-ba6-br100,J-do SONG,지역 가이드,・리뷰 424개,1년 전,동네 유일의 커피숍인가요 몇개 있을법한데 한참 찾아 헤매여봐도 안보이더군요  양으로 승부하는곳인지ㅎ 맛도 나쁘진 않았어요  관광객 많은 시간이어서인지 몰라도 회용컵사용은 개선되어졌으면 싶어요  그점외엔 좋아요,카페드선유,0.2782493531703949,부정
3,https://lh3.googleusercontent.com/a/AATXAJzwA8cnQqWZPRbRRiWpGJ5PsiG_8dbIkUEfK2b2=w45-h45-p-c0x00000000-rp-mo-ba3-br100,Seung Hun Lee,지역 가이드,・리뷰 25개,3달 전,커피맛이 % 부족합니다,카페드선유,0.13101375102996826,부정
6,https://lh3.googleusercontent.com/a-/AOh14GgUjLmur4gWidO5BEmDNpMFlPEg7axLYd4Qv37ZxA=w45-h45-p-c0x00000000-rp-mo-ba6-br100,백진영,지역 가이드,・리뷰 502개,1달 전,"커피맛도 ㅠ
서비스도 ㅠ",카페드선유,0.045174211263656616,부정
15,https://lh3.googleusercontent.com/a-/AOh14GgX6koFVMfPeYJl7qsnMxx7eNyqL5vxcEAVgd-PvtE=w45-h45-p-c0x00000000-rp-mo-ba4-br100,bs park,지역 가이드,・리뷰 191개,11달 전,그 카페근처에 짬뽕집 정말 정말 맛없음  서비스 개떡 그 동네도 두번다시 가기 싫어졌음,카페드선유,0.008588284254074097,부정
18,https://lh3.googleusercontent.com/a/AATXAJypHKAVmbCb3QXX2htcN8QqU3D5ycXja-eC-gYT=w45-h45-p-c0x00000000-rp-mo-ba4-br100,최현주,지역 가이드,・리뷰 92개,3년 전,"바다  보이는 커피숍 입니다
부부간에  운영하시는듯 사람이 만을땐
조금 늦게 나옵니다 선유도식당들은 대체로 바가지 입니다
커피숍편의점 등은 몰라도
숙박 비싸고 주중할인도 별로고 횟집들도
바가지가 심한편 입니다

차라리 채석강(강추)또는 비응항 이런데서 회는 드시길

선유도식당들은 대체로 바가지 입니다
커피숍편의점 등은 몰라도
숙박 비싸고 주중할인도 별로고 횟집들도
바가지가 심한편 입니다

차라리 채석강(강추)또는 비응항 이런데서 회는 드시길",카페드선유,0.037293314933776855,부정
25,https://lh3.googleusercontent.com/a/AATXAJwcynvBOiv_l5nKJsK5JiQnw-9daB0DsjPNjKM9=w45-h45-p-c0x00000000-rp-mo-br100,Choonja Hwang,지역 가이드,리뷰 6개,1년 전,과하게 로스팅 된 맛없는 커피 인테리어나 분위기도 별로 가격 비싸요,카페드선유,0.04083186388015747,부정
37,https://lh3.googleusercontent.com/a/AATXAJwR9bZ1zEou_veXfJzV8r-ou6iodxE_y7jm1gkp=w45-h45-p-c0x00000000-rp-mo-br100,홍정미,지역 가이드,리뷰 17개,2년 전,커피맛이  가격에 비해 형편없다,카페드선유,0.028364360332489014,부정
39,https://lh3.googleusercontent.com/a-/AOh14GjlThfuXZKQ783TGYTUBnJuEFfhy4FcJGHgdfG2=w45-h45-p-c0x00000000-rp-mo-ba4-br100,아놕,지역 가이드,・리뷰 109개,3년 전,섬에서보이는 유일한 카페 가격은 비싸다 당연히,카페드선유,0.31425443291664124,부정
41,https://lh3.googleusercontent.com/a/AATXAJwEX_7MpjLRf357fz73zGCB04YvgphWjHN2RncW=w45-h45-p-c0x00000000-rp-mo-ba4-br100,Gary Ha,지역 가이드,・리뷰 218개,1년 전,이름이나 사진에 비하면 특별할건 없어요,카페드선유,0.43665510416030884,부정
49,https://lh3.googleusercontent.com/a/AATXAJxxMAIEUAmoEyoIpzMrmAaQY8SUo31aISvZiKEC=w45-h45-p-c0x00000000-rp-mo-br100,HyoJin Jeon,지역 가이드,리뷰 12개,3년 전,전망좋은 카페인데 썰물일땐 뻘만보임 ㅠ,카페드선유,0.4689690172672272,부정
57,https://lh3.googleusercontent.com/a-/AOh14Gi9BM89TKSECqls6NUvZZsRZX18fY6VsJvzWSzZdg=w45-h45-p-c0x00000000-rp-mo-br100,이현순,지역 가이드,리뷰 4개,2년 전,"섬다리로 연결되어 교통이매우 편리하게  아름다운풍경을  감상할수 있어  매우좋았으나
차량이많아 혼잡스럽다",카페드선유,0.4802369773387909,부정
59,https://lh3.googleusercontent.com/a-/AOh14Gj_gG_AUBd-SV0xRcFFOWY-15cGISNL4GpKtyRS=w45-h45-p-c0x00000000-rp-mo-ba3-br100,최영철,지역 가이드,・리뷰 28개,2년 전,선유도 멋진곳이다,카페드선유,0.46742478013038635,부정
62,https://lh3.googleusercontent.com/a/AATXAJxtlkWld0E1-BXP73ez-wM7zYhDSNHz5UvPedHA=w45-h45-p-c0x00000000-rp-mo-br100,ki chool song,지역 가이드,리뷰 6개,2년 전,차 막히면 외통수 음식 그냥 소소,카페드선유,0.057734549045562744,부정
65,https://lh3.googleusercontent.com/a/AATXAJz8FpyzheiCPqPC1y4YYiiMwBZvLnHA__TsRKjw=w45-h45-p-c0x00000000-rp-mo-br100,김수현,지역 가이드,리뷰 19개,3년 전,주변이 정리가 안된,카페드선유,0.27826935052871704,부정
67,https://lh3.googleusercontent.com/a-/AOh14GgzgRPIggOQ4sRv3f9s2lwdFxRp1bM4X2c4rqLzxA=w45-h45-p-c0x00000000-rp-mo-br100,안준,지역 가이드,리뷰 10개,2년 전,아메리카노 너무 맛없음,카페드선유,0.006446152925491333,부정
68,https://lh3.googleusercontent.com/a-/AOh14Gjy0Te6WPon3Vzu1tz-E9gVMPKI4yV8ueBIIn-Xyw=w45-h45-p-c0x00000000-rp-mo-ba6-br100,전종호,지역 가이드,・리뷰 238개,1년 전,커피맛은 별로,카페드선유,0.0114116370677948,부정
69,https://lh3.googleusercontent.com/a-/AOh14GiZGXInzb9AM1rDsp4z7sHTR0PdAgcQfPh8_cJo5w=w45-h45-p-c0x00000000-rp-mo-ba4-br100,유명석,지역 가이드,・리뷰 220개,2년 전,개장한지 얼마 안되어 정비가 덜 된 느낌!,카페드선유,0.06607532501220703,부정
72,https://lh3.googleusercontent.com/a-/AOh14GhkOmSDaFS9iMG_ApHVkvMOd3welyvwxvTfmuxrEA=w45-h45-p-c0x00000000-rp-mo-ba3-br100,K독서왕 워렌버핏,지역 가이드,・리뷰 28개,3년 전,나물 외엔 요리맛이  별로였음,카페드선유,0.016368240118026733,부정
74,https://lh3.googleusercontent.com/a-/AOh14Gg6q5O8xXqLJDNnvVgBh_yg5i4p1WMT4-N13xSsQA=w45-h45-p-c0x00000000-rp-mo-ba5-br100,조영재,지역 가이드,・리뷰 480개,3년 전,"난 옆에 횟집에 다녀옴  횟집은 그저 그럼
여긴 사람이 너무 많아서 다음 기회에~~",카페드선유,0.07818591594696045,부정
76,https://lh3.googleusercontent.com/a/AATXAJzHveSpTbi8-EomVh9KvJQBFLzT4idREuwcZLJL=w45-h45-p-c0x00000000-rp-mo-ba2-br100,재생목록 1쯔리,지역 가이드,・리뷰 28개,2년 전,커피만 드세요 그 외는 옆 할리스 가세요,카페드선유,0.44961246848106384,부정
85,https://lh3.googleusercontent.com/a/AATXAJzMFC_Ft5cZ53Y5ft529CWgjz1J01T2EtaW0YqX=w45-h45-p-c0x00000000-rp-mo-ba3-br100,J.W KIM,지역 가이드,・리뷰 26개,3년 전,가격이 전체적으로 비싸단 느낌이고 화장실이 내부에 없고 밖에 있는데 시설 별루에여,카페드선유,0.0034707486629486084,부정
86,https://lh3.googleusercontent.com/a/AATXAJxeDjJxZXox1-hrdliLxN7DBvq2d-XYrI7spt6Z=w45-h45-p-c0x00000000-rp-mo-ba5-br100,Kyu Sung Choi,지역 가이드,・리뷰 196개,3년 전,차한잔할만한곳입니다~,카페드선유,0.4838857352733612,부정
89,https://lh3.googleusercontent.com/a/AATXAJwvhLcfJ63r0OWEZy0bKej3ZuamQvyPF3a7UlKY=w45-h45-p-c0x00000000-rp-mo-ba4-br100,고석용,지역 가이드,・리뷰 229개,3년 전,가격이 비쌈 분위기도 영,카페드선유,0.3600861132144928,부정
90,https://lh3.googleusercontent.com/a/AATXAJz32wQCP9s3gGnBrHjTJvN9llRwrvM9NrJC13Ts=w45-h45-p-c0x00000000-rp-mo-br100,이광제,지역 가이드,리뷰 2개,2년 전,그옆에 군산진횟집 짜증이빠이 이돈주고 않먹음 별점도 주기 싫은데 하나라도 찍어야 등록이 됨으로 개,카페드선유,0.018238812685012817,부정
93,https://lh3.googleusercontent.com/a/AATXAJyPuXMqin55pERbD6bh0wAHaZ-4as_xSjaw2yk8=w45-h45-p-c0x00000000-rp-mo-br100,김옥희,지역 가이드,리뷰 438개,2년 전,가고싶지안음,카페드선유,0.27167993783950806,부정
97,https://lh3.googleusercontent.com/a/AATXAJxFnnANHM-GDn8pskralR38z_BqucYupLBjT2DH=w45-h45-p-c0x00000000-rp-mo-ba3-br100,유정식,지역 가이드,・리뷰 31개,2년 전,군산선유도에서,카페드선유,0.3575263023376465,부정
99,https://lh3.googleusercontent.com/a/AATXAJxtEXonVbGSXOcgDgpzPExMPFmNoFFOEgS13Ghf=w45-h45-p-c0x00000000-rp-mo-ba4-br100,권태기,지역 가이드,・리뷰 116개,3년 전,그저~,카페드선유,0.03135362267494202,부정
101,https://lh3.googleusercontent.com/a-/AOh14GiX99mf7qBwR-8h0UgPfMZZProUR9nfgX41V5Pi9Q=w45-h45-p-c0x00000000-rp-mo-br100,최진영,지역 가이드,리뷰 1개,2년 전,횟집 비싸요,카페드선유,0.10460126399993896,부정
102,https://lh3.googleusercontent.com/a-/AOh14GgK45j5IY4GecXfMWAA6dX3FGzEpBIcd6ug1knASQ=w45-h45-p-c0x00000000-rp-mo-ba4-br100,신현욱,지역 가이드,・리뷰 96개,3년 전,별로였어요,카페드선유,0.0020270347595214844,부정
103,https://lh3.googleusercontent.com/a/AATXAJyM65eYU306TqslBaEVy2KDadqx0O5AhvfW1VjT=w45-h45-p-c0x00000000-rp-mo-ba4-br100,조양원,지역 가이드,・리뷰 128개,3년 전,영업안합니다,카페드선유,0.10006090998649597,부정
105,https://lh3.googleusercontent.com/a/AATXAJyDDB5Sck1hnIrcx5ikzfACjIHnBOPC4r98PPc=w45-h45-p-c0x00000000-rp-mo-br100,유기복,지역 가이드,리뷰 1개,3년 전,선유도에서,카페드선유,0.45709675550460815,부정
108,https://lh3.googleusercontent.com/a-/AOh14Gh0qz0V4Sv4cDCyQtZvmC-5THeryZZkzOy6wAtT2g=w45-h45-p-c0x00000000-rp-mo-ba2-br100,심재윤,지역 가이드,・리뷰 22개,2년 전,별로,카페드선유,0.009723514318466187,부정
109,https://lh3.googleusercontent.com/a/AATXAJyBFX_ohMoyjmzVX-fF0oAZml0ZkdbxKylJWJfr=w45-h45-p-c0x00000000-rp-mo-br100,남궁진순,지역 가이드,리뷰 1개,3년 전,선유도,카페드선유,0.37213921546936035,부정
112,https://lh3.googleusercontent.com/a-/AOh14Gh2mP1lFRYVufcsA8XPO1gSBDSduZLK3EUfRVKbAQ=w45-h45-p-c0x00000000-rp-mo-ba5-br100,용감eunjun,지역 가이드,・리뷰 245개,6일 전,"주차장이  골목으로 들어가는 점이불편해요
매장은 넓고 쾌적합니다 커피맛은 보통  수박쥬스는 시원 합니다",할리스 선유도,0.18691277503967285,부정
114,https://lh3.googleusercontent.com/a/AATXAJw8MXAClORcqCtJ7eVyd4ua-NNFs4OYPWB298kS=w45-h45-p-c0x00000000-rp-mo-ba4-br100,한인규,지역 가이드,・리뷰 59개,4일 전,"쿠폰팩 사용 불가네요
할리스 고유의 노래가 다르네요
가요가 나오구ㅎㅎ
메뉴가 한정적이고
할리스 정식매장같네요",할리스 선유도,0.08027389645576477,부정
116,https://lh3.googleusercontent.com/a-/AOh14Gg8FoaCztVJiRVTHpQf0BBmjZUJfUAfpsjJYSzq7Vg=w45-h45-p-c0x00000000-rp-mo-ba2-br100,b b,지역 가이드,・리뷰 25개,2달 전,"•층 뷰 좋음
•고객 응대는 별로",할리스 선유도,0.022513359785079956,부정
117,https://lh3.googleusercontent.com/a/AATXAJyKIgRfp4_gBg3GKYxRnoZAdCdPWzw34C3Uu5G3=w45-h45-p-c0x00000000-rp-mo-ba5-br100,Jungho Lee,지역 가이드,・리뷰 237개,5일 전,차량대무료주차에 두잔을시켜야 함시간분,할리스 선유도,0.24581372737884521,부정
123,https://lh3.googleusercontent.com/a/AATXAJyO7EoqlZGROTaNeWVkEQfLF5hTW3wOxZ8ZYTBL=w45-h45-p-c0x00000000-rp-mo-ba3-br100,Edward Jean,지역 가이드,・리뷰 63개,2달 전,커피맛이 약하고 별로입니다 친절하지도 않고 관광지 특수인지 별로였어요,할리스 선유도,0.0049190521240234375,부정
126,https://lh3.googleusercontent.com/a-/AOh14GiGOn0qjXXN1qBfaZIitQF6f9NZm582USKoocgMUw=w45-h45-p-c0x00000000-rp-mo-ba7-br100,K. S. Lee,지역 가이드,・리뷰 844개,1달 전,다른 할리스랑 비슷해요 근데 이른 시간인데도 안된다고하는 음료들이 많아서 실망,할리스 선유도,0.049656420946121216,부정
133,https://lh3.googleusercontent.com/a-/AOh14GitCa6yV-hZpQY9Dy_DNTW_dJeAhx3Y5cbTU-3NVQ=w45-h45-p-c0x00000000-rp-mo-ba5-br100,린빈빠빠,지역 가이드,・리뷰 540개,1년 전,"선유도해수욕장에 위치
코스가 다소 짧아 아쉬움",할리스 선유도,0.09830817580223083,부정
134,https://lh3.googleusercontent.com/a/AATXAJw90TrdJpI9DUO6LnoUJyikEqKv3aWOrIBa-7Yn=w45-h45-p-c0x00000000-rp-mo-ba4-br100,송창열,지역 가이드,・리뷰 53개,1년 전,"선유도 해수욕장 앞 위치한 할리스 커피숍이다
층 구조로 되어있고 층은 주문 층은 테이블 공간으로 구성되어있다
층엔 야외 테이블 있어 날씨 좋은 날에는 밖에서도 차를 즐길수 있을듯 하다
층에 매장이 넓게 있고 단체석이 잘 되어있다
관광지 커피 숍이라 단체나 커플이 앉게 좋은 구성과 바다가보이는 자리도 있다
노트북을 충전 할 수 있는 시설도 되어 있었다
좋은 점은 뒤에 주차장을 이용할 수 있다는것이다
선유도 리조트 주차자을 같이 사용하는데 차 주문시 시간분 무료 주차권을 받을 수 있다
선유도 해수욕잠 바로 앞이라 관광객이 바다 관람 후 커피숍에 많이 방문하는듯 하다
일요일 시쯤 도착 했는데 이미 많은 사람이 있었다
할리스커피 숍 옆에도 개인 커피숍이 있다",할리스 선유도,0.1555078625679016,부정
137,https://lh3.googleusercontent.com/a/AATXAJzYTSX0yymDog-JWZa2ac7mvJdnftBorkU730Tg=w45-h45-p-c0x00000000-rp-mo-ba3-br100,효니,지역 가이드,・리뷰 19개,1주 전,그저 그런 커피점,할리스 선유도,0.02842843532562256,부정
138,https://lh3.googleusercontent.com/a/AATXAJxj7ACbhHy2pAZtzLpjoyNcQ4ZleTOs5Zb0Bb90=w45-h45-p-c0x00000000-rp-mo-ba3-br100,박희정,지역 가이드,・리뷰 105개,8달 전,"보통의 할리스

별하나를 뺀이유는
매장이 복잡하다보니
메뉴선택이 한정되어있음",할리스 선유도,0.1272921860218048,부정
144,https://lh3.googleusercontent.com/a-/AOh14GjFFBmwhaW-NO0e1jN009VkJuDbhFmG0L9UkZyzbbQ=w45-h45-p-c0x00000000-rp-mo-ba5-br100,JINS,지역 가이드,・리뷰 333개,7달 전,내부에서 해변이 좌석이 별로 없네요,할리스 선유도,0.16315564513206482,부정
157,https://lh3.googleusercontent.com/a/AATXAJzzCpEjjDfutB-H85deZTVS3vjbie2mr38PIwM=w45-h45-p-c0x00000000-rp-mo-ba5-br100,고호진,지역 가이드,・리뷰 504개,2년 전,비용대비 너무 짧은 느낌 경험상  한번씩 타는 것도 좋을 듯^^,할리스 선유도,0.06844156980514526,부정
163,https://lh3.googleusercontent.com/a/AATXAJzgQLUITLxMBhYfthuTVyKyDK4JxxcUt_tqyfJo=w45-h45-p-c0x00000000-rp-mo-ba3-br100,김부선,지역 가이드,・리뷰 86개,1년 전,위치는 좋지만 직원들이 친절하지는 않아요,할리스 선유도,0.2273983359336853,부정
166,https://lh3.googleusercontent.com/a/AATXAJyhSNfjBepRRAdTWVtl37vzxHB6n1LOtdBCO3b8=w45-h45-p-c0x00000000-rp-mo-ba4-br100,한효섭,지역 가이드,・리뷰 88개,1년 전,알바가 터프함,할리스 선유도,0.3363344669342041,부정
167,https://lh3.googleusercontent.com/a/AATXAJymK-UllXLKxvyXwTeFNUmR7Udm-sR5LZg7ax4xlQ=w45-h45-p-c0x00000000-rp-mo-ba4-br100,아요보소,지역 가이드,・리뷰 94개,1년 전,복잡!,할리스 선유도,0.22132062911987305,부정
168,https://lh3.googleusercontent.com/a-/AOh14GgLEo4Yu2kEPFgV_wIpnqTuIV08LAr0f8EanIv9tA=w45-h45-p-c0x00000000-rp-mo-br100,조부현,지역 가이드,리뷰 28개,8달 전,"(Google 번역 제공) 그저 그래

(원문)
So so",할리스 선유도,0.057048290967941284,부정
173,https://lh3.googleusercontent.com/a-/AOh14GikbR5FdwYl4Kf2VskYZOAaB5fvPVe9e5Jan1WjCn4=w45-h45-p-c0x00000000-rp-mo-ba5-br100,Keemzuno,지역 가이드,・리뷰 198개,1달 전,주말에 가시면 공영주차장 차 대놓고 걸어가세요카페까지 꾸역꾸역 차 끌고 가다 대장도까지 계속 가야 될 수도 있습니다 불법주차 차들 때문에 양방으로 가기가 힘들어요,라파르,0.28149861097335815,부정
174,https://lh3.googleusercontent.com/a/AATXAJzoWQgP8o1kJZHeeYbZbviqunx-exsv1-ZpA2Rn=w45-h45-p-c0x00000000-rp-mo-ba3-br100,김정석,지역 가이드,・리뷰 36개,2달 전,"시그니처 메뉴인 한라봉 크림라떼를 시켰다

귤이 중간에 들어가있는 생크림케이크를 하루정도 상온에 보관하면 귤에서 수분이 나와 생크림과 반응하여 비린 맛이 나는데 딱 그맛이었다

과일에서 나온 수분과 수분에 취약한 생크림이 만나 느끼한 맛을 너무 많이 만들어냈다 원래 느끼한 것을 정말 좋아하는 본인이지만 끝까지 마시지 못했다

또한 협소건물이라서 공간이 좁으며 위로 층수가 많은 건물이기 때문에 홀에 오래 앉아있는 것은 민폐가 될 수 있다",라파르,0.25686073303222656,부정
188,https://lh3.googleusercontent.com/a/AATXAJwirpDTYGJJLj5XdyJwBzeVYaXXnq0yAvM5mxT9=w45-h45-p-c0x00000000-rp-mo-ba3-br100,Gloomy Sunday,지역 가이드,・리뷰 83개,1달 전,기가 막힌 장소에 적절한 건물배치와 야외 테이블 아무것도 없을때 별로 일수도 있을듯한 이 땅을 사고 투자한 땅주인이 감탄스럽다 바다가 보이는 멋진 광경에서 이미 맛은 잊기 시작한다,라파르,0.135771244764328,부정
204,https://lh3.googleusercontent.com/a-/AOh14Gg0WjyF_BpVy_6qYAjkspUt1EYrD63B68RuvxGP=w45-h45-p-c0x00000000-rp-mo-ba5-br100,샬랄라,지역 가이드,・리뷰 308개,4달 전,넘 예쁨,라파르,0.4997234046459198,부정
205,https://lh3.googleusercontent.com/a-/AOh14Gi0Z5SyTrPvUPML-id57VY3L0DCfQs_Qv_gBKot=w45-h45-p-c0x00000000-rp-mo-ba4-br100,Ethan Yang,지역 가이드,・리뷰 85개,5달 전,"협소주택처럼 지어진 카페
극장형태 온돌형태 등등 층마다 컨셉이 있긴하지만 코로나 상황에서 테이블 분리도 안되고 타인과 다닥다닥 붙어서 먹어야해 불편함(인스타감성을 느낄것이 아니라면 차라리 날씨좋으면 테이크아웃해서 주변 산책하면서 마시는게 나을 듯)

카페 바로앞 공터에 주차를 할 수 있긴하나 공터와 도로간 고저차가 심해 차량 바닥이 심하게 긁힐 수 있으니 주의해야함

카페에서도 해당내용에 대해 고지하고 밑에 마트주차장에 차를 대기 권장함",라파르,0.0768355131149292,부정
211,https://lh3.googleusercontent.com/a/AATXAJxm1voI1wLoEED8t2LDDVU-twt2qi47sMlpji6E=w45-h45-p-c0x00000000-rp-mo-ba4-br100,이경희,지역 가이드,・리뷰 111개,2달 전,아름다운곳사람이 너무 많아요,라파르,0.15259119868278503,부정
213,https://lh3.googleusercontent.com/a/AATXAJwIjx7MoU3TLJPXQGsP9qu1D9FgqAAoYGGlaTyA=w45-h45-p-c0x00000000-rp-mo-ba3-br100,김영길,지역 가이드,・리뷰 39개,9달 전,"커피 맛 없고  실내 좁음 
차라리 cu 에서 커피 사서 근처에 차 속에서 바다보면서 마시는게 훨 좋음
화장실도 개 줄서고 남여 공용이라 민망함
가고싶지 않음",라파르,0.052029311656951904,부정
214,https://lh3.googleusercontent.com/a/AATXAJxwT5dyMQVUt9XZY2YRS5UOZXUw4CAMaw2waK5R=w45-h45-p-c0x00000000-rp-mo-br100,박은정,지역 가이드,리뷰 6개,9달 전,절대가지마세요커피맛제로 허브티없고 화장실개로 남녀같이쓰고 화장실줄선곳에 옆에서 커피먹고 굉장히 비좁음차라리 밖에서 전망보는 걸로 만족해야할곳,라파르,0.005344748497009277,부정
215,https://lh3.googleusercontent.com/a-/AOh14GibtPsEc4EBC25SZP2C_bQib7y1LmLMYNBsgZAD=w45-h45-p-c0x00000000-rp-mo-ba6-br100,wall E,지역 가이드,・리뷰 450개,4달 전,"건물의 구조적인 컨셉은 이해가 되는데
너무 좁은 게 치명적입니다
앉아있는 다른 사람들 옆을 지나서…",라파르,0.016056865453720093,부정
216,https://lh3.googleusercontent.com/a-/AOh14GgCDTD2etYm8r79wrWW9P58xC6McAdMW4PbFnWb=w45-h45-p-c0x00000000-rp-mo-ba3-br100,전수훈,지역 가이드,・리뷰 39개,3달 전,"어른모시고 가기엔 불편합니다
뷰는 좋아요!
화장실 불편 하니 참고요",라파르,0.08902376890182495,부정
217,https://lh3.googleusercontent.com/a-/AOh14GhYLFJPjsztsSEzZ2VKOb3gXPWWwFtH89U6-_HMIQ=w45-h45-p-c0x00000000-rp-mo-ba6-br100,Bonung Gu,지역 가이드,・리뷰 381개,6일 전,커피맛만 기억남,라파르,0.2311236560344696,부정
225,https://lh3.googleusercontent.com/a-/AOh14GgM8wl0Uztw4s1vCpsTfVY6kAx79b-w5ZrIIs_1=w45-h45-p-c0x00000000-rp-mo-br100,이런!,지역 가이드,리뷰 1개,1주 전,맛없고 비쌈 최악 사먹지마세요,라파르,0.0018779337406158447,부정
227,https://lh3.googleusercontent.com/a-/AOh14GjyobeXJh6rt5K-qLTdKJHN-tkuFVINrHLUSkFIAQ=w45-h45-p-c0x00000000-rp-mo-ba3-br100,유레카대원,지역 가이드,・리뷰 24개,4달 전,뷰는좋은데 아메는  쏘쏘,라파르,0.33656811714172363,부정
228,https://lh3.googleusercontent.com/a/AATXAJwGNL33ZoeDtHkRkjJyxzYhX50Ci4ZJZ5Y6CyvE=w45-h45-p-c0x00000000-rp-mo-ba2-br100,김준영,지역 가이드,・리뷰 26개,3주 전,"여름에는 너무덥고 좁고 밖에의자도 불편했음
비추천",라파르,0.014004319906234741,부정
229,https://lh3.googleusercontent.com/a-/AOh14GgFD1zs2Be2-Ngaez8uzdJbUzk9f3mWWVp7EwRMcbE=w45-h45-p-c0x00000000-rp-mo-ba5-br100,H,지역 가이드,・리뷰 208개,9달 전,야외자리가 이쁜데 실내는 좌석도 적고 너무 좁아요건물이 좁게 되어있음 ㅠㅠ 이 근방이 카페가 없어서 여기가 사람이 진짜 많더라구요 그래서 자리 못 잡고 나왔네요,라파르,0.01533004641532898,부정
234,https://lh3.googleusercontent.com/a/AATXAJzFGZMYf2ov4rRfaQAsyhuzjWK7liotSPwAOks_=w45-h45-p-c0x00000000-rp-mo-br100,이경원,지역 가이드,리뷰 107개,3달 전,자리값이죠 뭐,라파르,0.04008248448371887,부정
235,https://lh3.googleusercontent.com/a-/AOh14GhQh9s0Yvf_1qmKI0zHSfXU98-SAB5wFC7FTsxuWA=w45-h45-p-c0x00000000-rp-mo-ba5-br100,양영숙,지역 가이드,・리뷰 58개,10달 전,운영자 또는 종업원의 불친절과 사용자들의 밀집도가 높음,라파르,0.13455474376678467,부정
241,https://lh3.googleusercontent.com/a/AATXAJwAcoc0SzFDw5Ny-QhT6g8BwJJsyzZOYs3nEt1A=w45-h45-p-c0x00000000-rp-mo-ba5-br100,kiyoung son,지역 가이드,・리뷰 422개,7달 전,정리되지 않은 주변 찾아갈 이유 못찿음,라파르,0.10042542219161987,부정
243,https://lh3.googleusercontent.com/a-/AOh14GhHvbfC-yLvevwiEzrzbapFKCXvecR44HU1Y5MgDg=w45-h45-p-c0x00000000-rp-mo-br100,김주원,지역 가이드,리뷰 8개,8달 전,"사진빨
가격대 후덜덜",라파르,0.4053824841976166,부정
244,https://lh3.googleusercontent.com/a-/AOh14Gi_nAWqhr-a3g3Nd00LCnDoMiAMkak_XQtu_XAA=w45-h45-p-c0x00000000-rp-mo-br100,간간히지리네,지역 가이드,리뷰 6개,9달 전,주차공간 협소 커피가 너무 맛이 없다,라파르,0.08563113212585449,부정
246,https://lh3.googleusercontent.com/a/AATXAJxevVtH9hNL3hObez8PQlV1qCESgEnD-qcJPfb7=w45-h45-p-c0x00000000-rp-mo-ba3-br100,유희성,지역 가이드,・리뷰 45개,5달 전,뷰가다했다,라파르,0.3981597125530243,부정
251,https://lh3.googleusercontent.com/a/AATXAJztJ7aM1eHpQVM3rrMFFz2obg9AzEtkF7eCmZ06=w45-h45-p-c0x00000000-rp-mo-br100,Hjong Kim,지역 가이드,리뷰 8개,10달 전,차갖고오지마세요,라파르,0.01701653003692627,부정
252,https://lh3.googleusercontent.com/a/AATXAJzVH4aJJO2rJqR6xkFI-lmKl7m5ofsnP1gsoYSc=w45-h45-p-c0x00000000-rp-mo-br100,켄신,지역 가이드,리뷰 2개,6달 전,편의점인줄,라파르,0.24351972341537476,부정
259,,SEUNGJUN LEE,지역 가이드,리뷰 687개,10달 전,이름은 전망 좋은 카페인데위치도 좀 애매하고 창틀이나 먼지 때문에 전망은 더더욱 않좋고커피 맛은 그럭저럭해서 별 두개입니다^^,전망좋은카페,0.43697765469551086,부정
273,https://lh3.googleusercontent.com/a/AATXAJyLalzBsI0P4WcOqd3j83dAJqw0tmQukf9yBPFg=w45-h45-p-c0x00000000-rp-mo-ba4-br100,일상,지역 가이드,・리뷰 192개,2년 전,멍멍이 있음,버스카페,0.4031221270561218,부정
277,https://lh3.googleusercontent.com/a/AATXAJwVhoiJ-AKojIhJ-1XA_HKYITIVIshsNfh-MzxB=w45-h45-p-c0x00000000-rp-mo-ba4-br100,김혜성,지역 가이드,・리뷰 58개,2년 전,아름다워요~~,버스카페,0.3899586796760559,부정
283,https://lh3.googleusercontent.com/a/AATXAJzRCixle2kW2cuCJAMbc3TGH6FD8xMLgg-Y94uJ=w45-h45-p-c0x00000000-rp-mo-ba3-br100,조성광 (닥터k),지역 가이드,・리뷰 54개,1년 전,최악이네요버거 및 모든 메뉴가 가격대비 넘 아깝네요,버스카페,0.000789642333984375,부정
284,https://lh3.googleusercontent.com/a-/AOh14Gjlewh9vJ9TUot5ROl68l9gVvEbx6-VoVtCEfReaA=w45-h45-p-c0x00000000-rp-mo-ba4-br100,정봉진,지역 가이드,・리뷰 218개,1년 전,너무 비싼 햄버거(천원) 똥 좀 치워라,버스카페,0.013044267892837524,부정
292,https://lh3.googleusercontent.com/a/AATXAJzZT7IBG9kIAra3O4fiRT2ZDBfJvS3i5X5KzQg_=w45-h45-p-c0x00000000-rp-mo-br100,24년월 3천댁,지역 가이드,리뷰 7개,4달 전,사장님이 소품 신경을 많이 쓴곳,무녀2구마을버스,0.3421882390975952,부정
294,https://lh3.googleusercontent.com/a/AATXAJyFliBMCfq5vpjKdH4OXVFCrhqtGUe6gGZk7qt7=w45-h45-p-c0x00000000-rp-mo-ba4-br100,최낙철,지역 가이드,・리뷰 74개,4달 전,"미국 스쿨버스에까페가
개설됨",무녀2구마을버스,0.2808830142021179,부정
297,https://lh3.googleusercontent.com/a/AATXAJyp3ygQA3VGsYuKJJveCc_trzUJPvvUsG2p16IALQ=w45-h45-p-c0x00000000-rp-mo-ba3-br100,김승언,지역 가이드,・리뷰 29개,8달 전,한번 가보기에는 좋은데 조금 비싼감이 있네요,무녀2구마을버스,0.4239642322063446,부정
298,https://lh3.googleusercontent.com/a/AATXAJwnTJfmWsXFLSbA3wWxLJaihzB4l4kIP5ZcGBCj=w45-h45-p-c0x00000000-rp-mo-br100,Byoung Yong NA,지역 가이드,리뷰 4개,5달 전,"수제버거 원대
커피가 연하고 가격대비 비싼편
애견 동반 안되서 추워도 밖에서
마셔야하고 주문도 밖에 두고 주문해야하는곳
마시는 곳은 두군데인데 하나는 버스 하나는 건물
건물안에 화장실이 있는데 화장실 물은 바닷물
손 씻는거 추천안함 비릿네
바다풍경만 그나마 좋은곳",무녀2구마을버스,0.15789392590522766,부정
300,https://lh3.googleusercontent.com/a-/AOh14GiDIGidtj8BR3RnAjQUJV9rCQ8u-QiGYGBq8yedTg=w45-h45-p-c0x00000000-rp-mo-ba4-br100,JJeong Boxer,지역 가이드,・리뷰 73개,4달 전,보통요  주말 이용자제 사람 너무많음 차막 대박,무녀2구마을버스,0.038649916648864746,부정
304,https://lh3.googleusercontent.com/a-/AOh14GjNa7AOusVbY4DaZP78qq0-bwThCls0LINyFlaZ=w45-h45-p-c0x00000000-rp-mo-ba6-br100,고은호 (큰야옹이),지역 가이드,・리뷰 530개,4달 전,인스타각,무녀2구마을버스,0.32449769973754883,부정
306,https://lh3.googleusercontent.com/a/AATXAJylthXzoPavAuwZZwBMk6_Ukv27Fzv_hyGeh1c6=w45-h45-p-c0x00000000-rp-mo-ba5-br100,Jaemin Lee,지역 가이드,・리뷰 209개,11달 전,맛은 그냥 보통 햄버거맛인데 배경이 진짜 이쁨,무녀2구마을버스,0.14848190546035767,부정
308,https://lh3.googleusercontent.com/a/AATXAJzIKm-H0kDd5PiF6mXYFQn7CcRHnBTu3SwpQ3jz=w45-h45-p-c0x00000000-rp-mo-ba5-br100,GU GU,지역 가이드,・리뷰 335개,3달 전,좁은공간에 사람들이 바글바글해요 코로나시국에 위험하네요,무녀2구마을버스,0.17517834901809692,부정
313,https://lh3.googleusercontent.com/a-/AOh14Gi9MXDnzVUNpwgHauMbJR3urdIbNwpzb0i9cWzvvA=w45-h45-p-c0x00000000-rp-mo-br100,고재욱,지역 가이드,리뷰 4개,10달 전,음식에 비해 너무 비싼가격 손 씻을곳도 없는 시설에 실망요,무녀2구마을버스,0.0016421675682067871,부정
318,https://lh3.googleusercontent.com/a/AATXAJxJvwcQBmcNrNSlujxXrmq8VrZvT2RcNcFzWfOt=w45-h45-p-c0x00000000-rp-mo-ba2-br100,유다지규,지역 가이드,・리뷰 9개,4달 전,다소가격대가 높음,무녀2구마을버스,0.29319071769714355,부정
322,https://lh3.googleusercontent.com/a-/AOh14GhKmMdQzJ4hqFS-MJYN1LwPZf3ukekHGdoBSGw1=w45-h45-p-c0x00000000-rp-mo-ba3-br100,카자마신,지역 가이드,・리뷰 53개,2달 전,근처 낚시,무녀2구마을버스,0.19612166285514832,부정
324,https://lh3.googleusercontent.com/a-/AOh14GhFP6AThuYQLL-GuM6s4lR-kvpGCbAFouL3EniHSg=w45-h45-p-c0x00000000-rp-mo-ba3-br100,달 프로,지역 가이드,・리뷰 51개,2달 전,비추,무녀2구마을버스,0.005552798509597778,부정
332,https://lh3.googleusercontent.com/a-/AOh14GjuYipF3OrejubFKeufuzq7SxC9vUKp_WeYRIKCEw=w45-h45-p-c0x00000000-rp-mo-ba5-br100,모토미,지역 가이드,・리뷰 277개,1년 전,"개 원이나하는데 코딱지만함
아아도천원
걍 관광지라 갓다",호떡당 아이스리커피,0.018085986375808716,부정
333,https://lh3.googleusercontent.com/a-/AOh14Gh2gyHzrf1hpo1Zqvjn-ZojNXe1ZnaT9ZcFGLkczGs=w45-h45-p-c0x00000000-rp-mo-ba5-br100,DA K KS,지역 가이드,・리뷰 177개,2년 전,커피 호떡 판매,호떡당 아이스리커피,0.3640180826187134,부정
336,,H.Y-esther Kim,지역 가이드,리뷰 117개,1년 전,화장실 줄 엄청서있어요ㅠㅠ바깥자리에 앉기 힘듬 그러나 앉으면 좋음! 주차는 밑에 공영주차장에 하세요 올라오면 책임 안짐^^,커피 내리는 집,0.17606157064437866,부정
347,,,지역 가이드,,,한라봉라떼 안시원해,,0.2321898639202118,부정
349,,,지역 가이드,,,탄산이없는 에이드 한모금만 탄산이고 그 담부턴 탄산이 없음,,0.17276936769485474,부정
350,,,지역 가이드,,,"커피는 쏘쏘 
화장실 너무좁아서 불편함",,0.028923720121383667,부정
351,,,지역 가이드,,,사람이 너무 많아요ㅜ,,0.02835741639137268,부정
353,,,지역 가이드,,,,,0.24403497576713562,부정
376,,,지역 가이드,,,뷰가다함,,0.3830905556678772,부정
384,,,지역 가이드,,,"한라봉쥬스는생각버다 맛없어요
뷰맛집",,0.0730469822883606,부정
393,,,지역 가이드,,,역시 인스타뷰맛집!사람 너무 많아요 그리고 왠만하면 차는 공영주차장에 주차하고 가세요,,0.17673006653785706,부정
394,,,지역 가이드,,,"한라봉라떼가 청이 아닌 우유에 그냥 한라봉을 속껍질째 썰어 넣은거네요ㅜㅜ  한라봉향도 안났어요~
멀리서 찾아갔는데~ 사람이 많아서 그런지  직원분도 불친절!",,0.026434212923049927,부정
396,,,지역 가이드,,,언뜻보기엔 이국적느낌,,0.20549821853637695,부정
397,,,지역 가이드,,,,,0.24403497576713562,부정
398,,,지역 가이드,,,"왠만하면 자체 주차장 들어가지 마시고
공영이나 길가추천해요
인치 타고 들어갔다 차 하부 박살나는 줄ㅠㅠ",,0.24997755885124207,부정
400,,,지역 가이드,,,뷰맛집,,0.43468278646469116,부정
402,,,지역 가이드,,,뷰맛집,,0.43468278646469116,부정
403,,,지역 가이드,,,너무 비싸요,,0.006138116121292114,부정
405,,,지역 가이드,,,김정민,,0.37213921546936035,부정
409,,,지역 가이드,,,"뷰가 너무 힐링 됩니다
그만큼 사람이 많습니다 음료는 쏘쏘하지만
이런 곳은 뷰맛에 가는거죠",,0.396121084690094,부정
411,,,지역 가이드,,,"주차공간 너무 힘들어요
뷰는 해외같아요",,0.08834978938102722,부정
412,,,지역 가이드,,,이쁘지만 사람이 많네요,,0.3580159544944763,부정
417,,,지역 가이드,,,비싸더라구요! 하지만 예쁘니까~!,,0.3479264974594116,부정
420,,,지역 가이드,,,뷰 맛집이에요~ 커피도 아메리카노 천원이라 괜찮은데 주차하기가 힘들어요,,0.49243202805519104,부정
427,,,지역 가이드,,,ㅈㅇㅇ,,0.254665732383728,부정
442,,,지역 가이드,,,뷰가 좋긴 하지만 안은 평일임에도 불구하고 다소 좁고 시끄러움 특히 화장실 앞 자리는 끊임없이 사람들이 와서 노크를 해 대는 통에 정신없음,,0.06296125054359436,부정
446,,,지역 가이드,,,노을맛집 음료는  만족 가격은 서울경기 관광지랑동일 직원분들 미소x무뚝뚝ㅜㅜ,,0.4095292091369629,부정
449,,,지역 가이드,,,뷰는 너무 좋은데 좁고 사람이 너무 많아요 ㅜ,,0.2556132674217224,부정
458,,,지역 가이드,,,좋은데 장소가 좁아서 많이 복잡하다,,0.3999421000480652,부정
459,,,지역 가이드,,,내부공간은 좀 협소해요,,0.4795139729976654,부정
467,,,지역 가이드,,,주차불편 음료맛 평범이나 경치보긴 좋다고 생각하고 밖에서 마시는데 옆에 무덤 진짜 무엇,,0.2227449119091034,부정
471,,,지역 가이드,,,귯,,0.47021549940109253,부정
473,,,지역 가이드,,,주차장 어려워요ㅠㅠ,,0.0621565580368042,부정
474,,,지역 가이드,,,주차장 길찾기 힘들어요 ㅜㅜ,,0.1441059112548828,부정
481,,,지역 가이드,,,"주차장 보수 좀 했으면 단차가 커서 쿵 떨어져서 차긁었어여 아님 못들어가게 막아 주셔야져
카페 뷰는 괜츈",,0.081411212682724,부정
485,,,지역 가이드,,,기대하고 갔는데 카페 앞에 무덤이 있어서 당황; 그리고 커피 너무 맛없어요 밍밍하다는 한라봉라떼는 우유에 한라봉청 넣어서 파는데 가격대비 별로라 불만족 날씨 좋은 날에 오면 바다뷰는 좋을듯!,,0.04698503017425537,부정
487,,,지역 가이드,,,분위기는 좋은데 자리가 좁아요ㅜㅜ,,0.3962830901145935,부정
499,,,지역 가이드,,,테라스쪽은 좋은데 건물이 작아서 안쪽자리가없어 아쉬웠어요ㅠㅠ 한라봉라떼 너무안달고 맛있어요~,,0.27983587980270386,부정
503,,,지역 가이드,,,음료맛은 쏘쏘 뷰 맛집이에요~사진 찍으러 오는곳,,0.48387402296066284,부정
504,,,지역 가이드,,,사람 엄청나구요 주차하는데 너무 힘들어요ㅠㅠ화장실도 하나라 불편하지만 음료맛은 괜찮아요~,,0.4147881269454956,부정
508,,,지역 가이드,,,자리가 다소 협소,,0.3459484577178955,부정
509,,,지역 가이드,,,뷰는 좋은데 음료맛은 보통,,0.24698927998542786,부정
512,,,지역 가이드,,,뷰맛집^^,,0.48677054047584534,부정
513,,,지역 가이드,,,취저임,,0.2785412073135376,부정
520,,,지역 가이드,,,설연휴여서 진짜 밀리네용,,0.2928951382637024,부정
524,,,지역 가이드,,,뷰맛집,,0.43468278646469116,부정
526,,,지역 가이드,,,,,0.24403497576713562,부정
534,,,지역 가이드,,,쏘쏘,,0.1288345456123352,부정
539,,,지역 가이드,,,"안내 멘트 중에 이런게 있네요
실내 공부 금지! 
공부하러 간건 아니지만 글귀 자체가 조금 아쉽네요 ㅜㅜ",,0.3753763735294342,부정
549,,,지역 가이드,,,생각보다 작았음 뷰는 좋아요~,,0.41406601667404175,부정
551,,,지역 가이드,,,뷰맛집,,0.43468278646469116,부정
554,,,지역 가이드,,,묏동 멍미,,0.24145478010177612,부정
559,,,지역 가이드,,,뷰가 너무 저아요~~,,0.23468232154846191,부정
561,,,지역 가이드,,,커피도 맛있었고 해저물고 갔는데 낮에도 다시 가보고싶은 곳이에요~,,0.45204782485961914,부정
563,,,지역 가이드,,,생각보다 너무 작고 자리가 불편해요ㅜㅜ,,0.012178093194961548,부정
591,,,지역 가이드,,,뷰가~^^,,0.3830905556678772,부정
593,,,지역 가이드,,,가사합니다~~~~~~~~,,0.4387860596179962,부정
596,,,지역 가이드,,,월기준 한라봉라떼 안됨 한라봉청이 다 떨어져 월부터 된다고함 카페 및 주차장 진짜 좁아 당황할수있음 주차는 오는 길에 있는 공영주차장에 해도 된다고함 생각보다 작아 여러모로 아쉬웠음,,0.01207396388053894,부정
597,,,지역 가이드,,,사람엄청많아요,,0.1648208498954773,부정
598,,,지역 가이드,,,경치는 좋으나 진입로가 좁고 차가 많아서 주차는 불편,,0.04133331775665283,부정
610,,,지역 가이드,,,뷰맛집! 주말에 갔는데 사람 진짜 많아요ㅠ,,0.28075724840164185,부정
613,,,지역 가이드,,,군산 라파르 카페 뷰는 보통 특이한 건물커피는 맛있어요!  절대 카페 앞까지 차 가지고 가지 마세요! 근처 공영주차장에 주차하세요 차 한대밖에 지나갈 수 없는 도로라서 들어가기에도 나가기에도 헬입니다 차량 관리가 전혀 안되서 나가는데만 분 걸렸습니다;,,0.3313697576522827,부정
620,,,지역 가이드,,,♥♥♥♥♥♥♥♥♥♥,,0.37213921546936035,부정
625,,,지역 가이드,,,구우우우우우ㅜ우우우우ㅜㅇㅅ,,0.46107640862464905,부정
630,,,지역 가이드,,,커피맛잇능데 비싸요 ㅋㅋ 뷰 장난아니네요,,0.4518948197364807,부정
631,,,지역 가이드,,,조금 협소함,,0.2591552138328552,부정
633,,,지역 가이드,,,^^,,0.37213921546936035,부정
635,,,지역 가이드,,,ㅣ,,0.28400349617004395,부정
639,,,지역 가이드,,,"커피 너무 맛없음 뷰는 그나마 괜찮지만 카페인만큼 커피 맛에 신경쓰길 돈아까움 맛대비 은 오바 맛 생각하고 가격 책정하신건지 바닐라라떼 아메리카노(+헤이즐넛시럽 추가) 둘다 노맛  카페 넘 협소하고 정신없
음",,0.019507288932800293,부정
643,,,지역 가이드,,,"장자도 온기념으로 커피한잔 마시고갈려고 들어갔는데 인메뉴 타령만하고  최근 가본카페중 가장 불친절한 카페였음
직원들의 불친절에 뷰도 커피맛도 엉망이었음
사람오는게귀찮은듯",,0.048854976892471313,부정
645,,,지역 가이드,,,공영주차장 영수증으로 사용하려면 만원 이상부터 가능한점 참고 ! 그리고 자리가 협소해 웨이팅있는데 눈치게임에서 성공해야됨 ㅋ 뷰는 좋으나 서비스 정말 별로임,,0.0478111207485199,부정
646,,,지역 가이드,,,협소주댁느낌 자리는 생각보나 많으나 거리두기가 안됨 시그니처메뉴 시럽덩어리  아아는 쏘쏘 한공간에 있어서 소리울리고 냉방효율떨어짐,,0.0340082049369812,부정
647,,,지역 가이드,,,한라봉 라떼 돈 아까워요 ㅠㅠ,,0.05129125714302063,부정
654,,,지역 가이드,,,주말은 사람 너무많아요ㅠㅠ,,0.1257990598678589,부정
655,,,지역 가이드,,,너무좁아요ㅠㅠ평일에가면좋을것같아요,,0.026536881923675537,부정
660,,,지역 가이드,,,"크 뷰 맛집입니다
한 번 오세요 선유도 들리시면!!",,0.39111974835395813,부정
661,,,지역 가이드,,,좁다 무지,,0.14100304245948792,부정
666,,,지역 가이드,,,가게가 생각보다 작음ㅠ,,0.10395649075508118,부정
669,,,지역 가이드,,,산행ㅠ 을 하고 쉴수 있는 산소같은 카페입니다살려줬어요날ㅠ 죽는줄 다리가 후들후들,,0.1058887243270874,부정
671,,,지역 가이드,,,"커피맛&카페분위기는 정말 신선하고 좋습니다

하지만 주차시설 이랑 사람들이 하도 사진 (앞 뒤 옆 ) 전부 찍고있어 잘못움직였다가 옆사람이 기분나빠하네요사진을 찍는건 이해합니다만 적당히 좀 찍어주세요",,0.15793681144714355,부정
673,,,지역 가이드,,,"음 외형적으로는 진짜 예쁜데 너무 좁고 일하시는 사람들이 손발이 안맞아서 갈팡질팡해요  그리고 무엇보다 커피가 신맛이 강해서 솔직히 완전 노맛 편의점 커피보다 맛없어요  아인슈페너 먹었는데 먹다가 버릴뻔 생크림 올라
가면 달짝찌근 하면서 맛나야는데 우선 커피가 신맛이 강해서 그냥 신맛밖에 안나요  커피 노답집 !! 그냥 풍경만 보고 싶다면 가세요  주차도 힘듬",,0.012686312198638916,부정
674,,,지역 가이드,,,맛없음,,0.0041883885860443115,부정
688,,,지역 가이드,,,맛없어요,,0.004035204648971558,부정
691,,,지역 가이드,,,,,0.24403497576713562,부정
692,,,지역 가이드,,,빙수 안하는 매장이라 슬픔,,0.31010735034942627,부정
697,,,지역 가이드,,,청포도케일  달아요~,,0.37302273511886597,부정
699,,,지역 가이드,,,멋져요,,0.4355221390724182,부정
701,,,지역 가이드,,,뷰 좋은편 주차ㅡ개이상만 주차권 줌 할리스커피 행사 제외 매장임 알바 친절도 별로,,0.28988516330718994,부정
702,,,지역 가이드,,,"바닷가 한철 장사
한잔 마시면 주차권도 안준다
주차장 많은데 차 딴데 대라구
군산 망신이다 진짜",,0.2427889108657837,부정
708,,,지역 가이드,,,🙂,,0.37213921546936035,부정
710,,,지역 가이드,,,"방문시간 오후 시분
시분 마감이라고 해서 주문했는데
층에 올라갔는데 오늘같은 날씨에 에어컨끄고 청소중 고객 맞을준비 빵점!
내가 좋아하는 할리스 이제 안가고 싶어짐
별점 개도 주기 싫음",,0.1923007369041443,부정
712,,,지역 가이드,,,"분주차에 커피한잔이라 주차비 천원내고 나왔네요
약간의 인심이 필요한듯해요",,0.291684627532959,부정
717,,,지역 가이드,,,"대나무 빨대로 주는것도 맘에드는뎅 
죄송하지만 알바생 분이 약간 불친절한것같아요",,0.2891086935997009,부정
718,,,지역 가이드,,,페도라 쓰고 안경 안끼신 여자 종업원분 기분이 안좋으신가봐요 뭐가 그리 공격적인지첫 방문인데 당연히 모르는거고 그래서 물어보는건데 너무 퉁명스럽네요 제 앞에 손님도 그것때문에  수근거리면서 가던데목소리는 또 왜 이렇게 크고 인상은 왜 쓰고있는지 대단한 서비스 바라는 것도 아닌데 일하기 싫고 짜증나면 그냥 집에 있는게 좋지 않을까요 서비스 잖아요,,0.01839783787727356,부정
727,,,지역 가이드,,,,,0.24403497576713562,부정
730,,,지역 가이드,,,전체적으로 직원들이 경우가 좀 없는 경향이 있네요;;다들 일하기 싫어하고 짜증 나있는 느낌 특히  남자직원 말투가 기본이 안되어있다 해야하나 사람대하면 안될 스타일이구요위치는 좋아보이나 막상 올라가도 경치가 엄청 좋진 않아요,,0.03259250521659851,부정
745,,,지역 가이드,,,커피맛은 체인점이라 특별할 것은 없는데 저녁근무하는 여자종업원님 뭐 이리 심통이 나 있으셨는지 내돈 주고 커피 사 먹으면서도 눈치를 볼 정도였네요 일하기 싫으시면 가게 문을 닫든지 일을 관두던지 하세요~,,0.026737183332443237,부정
753,,,지역 가이드,,,화장실 한칸밖에 없어요,,0.22884425520896912,부정
757,,,지역 가이드,,,^^,,0.37213921546936035,부정
760,,,지역 가이드,,,안친철해요,,0.1778075098991394,부정
773,,,지역 가이드,,,"주변에 카페 문 연 곳 많았으면 장사 안됐을듯
주문받는 여자가 엄청  톡톡 쏨 기분 더럽게 음료 받아서 먹음",,0.22471407055854797,부정
787,,,지역 가이드,,,좀 비싸네요,,0.0821651816368103,부정
788,,,지역 가이드,,,비쌈,,0.05849999189376831,부정
797,,,지역 가이드,,,직원말투가 툴툴,,0.14491373300552368,부정
799,,,지역 가이드,,,별 개도 아까워요 알바생인지 직원인지 여자 말투 굉장히 딱딱하고 툭툭 내뱉어요 이렇게 불친절한 카페는 처음이에요 직원 교육을 어떻게 시키는지 다신 안오고싶네요 인성 교육부터 가르치고 손님 대하는 방법부터 가르치세요 욕나오네요,,0.004379212856292725,부정
800,,,지역 가이드,,,커피는 맛있는데  직원들이 대체로 불친절하시네요,,0.052802324295043945,부정
808,,,지역 가이드,,,"앉으려면 인메뉴라는 위에 사람도 없던데
넓은데 화장실 한칸인데 단점",,0.3688358664512634,부정
812,,,지역 가이드,,,그냥 그래요,,0.00544092059135437,부정
819,,,지역 가이드,,,촣아요 경치,,0.4786086678504944,부정
824,,,지역 가이드,,,조오ㅓㄱ,,0.42202526330947876,부정
828,,,지역 가이드,,,그냥그냥 쏘쏘,,0.011936277151107788,부정
829,,,지역 가이드,,,여기 완전 불친절뭐 이런데가음료도 비싸면서그렇게 무서운 얼굴로 손님들을 대하는지,,0.022001057863235474,부정
836,,,지역 가이드,,,잔 마셔야 주차권줘요,,0.2688930630683899,부정
838,,,지역 가이드,,,너무 불친절 하시네요,,0.0031754374504089355,부정
840,,,지역 가이드,,,흠,,0.06983104348182678,부정
841,,,지역 가이드,,,♥,,0.37213921546936035,부정
846,,,지역 가이드,,,알바생인지모르겠지만 불친절,,0.07085570693016052,부정
850,,,지역 가이드,,,ㄱㄲ,,0.3375435471534729,부정
851,,,지역 가이드,,,ㅈ,,0.2332330048084259,부정
854,,,지역 가이드,,,그냥그래요,,0.00544092059135437,부정
862,,,지역 가이드,,,,,0.24403497576713562,부정
866,,,지역 가이드,,,그 옆 횟집은 친절하던데 여기는 직원들이 별로 손님들 오는게 싫은가봐요 마지못해 일하는 듯,,0.05734443664550781,부정
869,,,지역 가이드,,,사람이 많아요,,0.1616704761981964,부정
871,,,지역 가이드,,,진짜 불친절함 본인이 주문 잘 못알아먹고 손님한테 짜증이나내고 인상쓰고 포스기 부셔지도록 눌러대고 커피 맛도 없고 가족끼리 운영한다더니 이렇게 해도 됩니까 기분좋게 놀러왔다가 기분 다 망치고갑니다^^,,0.016267508268356323,부정
872,,,지역 가이드,,,불친절하네요,,0.009915351867675781,부정
879,,,지역 가이드,,,그냥 아이스라떼,,0.039571523666381836,부정
880,,,지역 가이드,,,그냥 아메리카노,,0.051806628704071045,부정
881,,,지역 가이드,,,커피보다 케익때문에 다시옴,,0.13377118110656738,부정
883,,,지역 가이드,,,"자주먹는겅데 여기점은 커피맛도없네요 ㅡㅡ 
레시피대로 알바생이 안하나바요
포스계산대 알바생도 불친절이요",,0.020742088556289673,부정
886,,,지역 가이드,,,할리스커피,,0.4960206151008606,부정
887,,,지역 가이드,,,할리스,,0.3532565236091614,부정
889,,,지역 가이드,,,할리스,,0.3532565236091614,부정
891,,,지역 가이드,,,구뜨,,0.3823533058166504,부정
897,,,지역 가이드,,,"좀 나이드신 여자직원분이 너무 불친절해요
저번에도 그분때문에 기분 안좋게 나왔었고
참다 참다 리뷰까지 쓰네요
리뷰에 불친절하다는 글은 다 그분인거 알정도로 다른 직원분들은 친절하신데 그 분만 
말투표정행동까지 너무 불쾌해요
그 분은 왜 서비스업을 하시는거죠  하기싫어하시던데 그러다 기계 다 부시겠어요
개선 좀 부탁드려요 말 나온사람도 한두명도 아니고 직원들도 그 분 눈치보느라 급급하던데 좀 착해져주세요 제발ㅠㅠㅠㅠㅠㅠ무서워요ㅠ",,0.01567995548248291,부정
903,,,지역 가이드,,,라떼랑 그린티가 이렇게 밍밍한 맛이 돈 아까웠어요 주차비 대신 이라도 음료상태가 너무 아니였어요 자리는 좋았는데,,0.011655151844024658,부정
906,,,지역 가이드,,,"일층 직원이 너무 불친절해서 주문하고 음료를 받으면서 기분이 나빴어요
휴양지라서 그런가 하고 이층으로 갔는데
사장인지 매니저인지 하는 사람이 마스크도 쓰지않고 일하는 분들과 얘기하며 매장을 왔다갔다 여러번 다녀서
찝찝했어요
참고로 방문일에 코로나 급증시기에요 ㅠ
실내공간이 찝찝해도
넓고 뷰도 괜찮은것 같고해서 더위식히러 갔는데
직원 교육이 필요할것 같아요",,0.022262096405029297,부정
911,,,지역 가이드,,,옆에 엔젤보단 할리스가 낫네요,,0.15741539001464844,부정
918,,,지역 가이드,,,목포 항구,,0.4030454456806183,부정
924,,,지역 가이드,,,홀리홀리~,,0.44396722316741943,부정
931,,,지역 가이드,,,양이 조금 적어요,,0.3658851981163025,부정
937,,,지역 가이드,,,,,0.24403497576713562,부정
941,,,지역 가이드,,,"시쯤 도착했는데 주말이라그런지 먹고싶은 음료 디저트 다 완판되어 다른음료 먹었는데 맛이 별로였어요 ㅡㅡ
직원은 불친절 층은 지저분하고 암튼 실망이 이만저만 아니었어요",,0.006353646516799927,부정
944,,,지역 가이드,,,보통이에용,,0.08936497569084167,부정
956,,,지역 가이드,,,맛은괜찮고 친절은 그냥그래요,,0.19055098295211792,부정
962,,,지역 가이드,,,할리스,,0.3532565236091614,부정
964,,,지역 가이드,,,뷰도 별로구 할리스라기보단 동네 개인 카페 같은 음료 맛도 뭔가 부족합니다,,0.021623551845550537,부정
972,,,지역 가이드,,,층으로 올라가면 선유도 해수욕장이 보여요,,0.341028094291687,부정
986,,,지역 가이드,,,🙃,,0.37213921546936035,부정
995,,,지역 가이드,,,😁,,0.37213921546936035,부정
1003,,,지역 가이드,,,핫플레이스!!!,,0.42811888456344604,부정
1006,,,지역 가이드,,,걍 뭐,,0.015440165996551514,부정
1021,,,지역 가이드,,,뷰가예술입니다 자리잡기힘들어요,,0.281398206949234,부정
1024,,,지역 가이드,,,맛은 그냥그냥 괜찮은편 같아요  커피는 근데 맛이 좀읍써요  감자튀김 소떡 아이들이 잘먹어요 매장관리가 안되서 아쉬웠어요  테이블도 직접 닦아야 하고 ㅠㅠ,,0.3707900643348694,부정
1029,,,지역 가이드,,,분위기는 좋으나 화물차 너무 위험해요 그리고 커피 맛은 음 써,,0.0659046471118927,부정
1035,,,지역 가이드,,,음료는 맛있었는데 사람이 너무 많았어요 ㅠ,,0.11608484387397766,부정
1042,,,지역 가이드,,,금액이 쎄긴함,,0.39458250999450684,부정
1043,,,지역 가이드,,,버스까지 셀프 서빙인데 넘 비싸네요,,0.05820643901824951,부정
1044,,,지역 가이드,,,"맛이라기보다 비싼 햄버거 값내고
무녀버스에서 바다 풍경을 뒤로 
햄버거 갬성샷 하나 건지는 거쥬🙂",,0.061444759368896484,부정
1045,,,지역 가이드,,,이 가격의 수제버거는 비현실적임다 수제버거좋아하는데 가격대비 맛은 정말 안좋네요 그냥 분위기 값이 절반인 수제버거집입니다 맛을 기대하고 드시기엔 무리가 있어보이네요 어케 프렌차이즈 버거보다도 못하징ㄷㄷ,,0.014356136322021484,부정
1046,,,지역 가이드,,,가격깡패,,0.2529551088809967,부정
1052,,,지역 가이드,,,"버거가 딱히 특색있지 않네요 너무 비싸요
인테리어나 카페특징은 잘 살렸고 재밌는데 버거가 가격대비 양많은건 좋고 소스는 그냥저냥",,0.062174588441848755,부정
1053,,,지역 가이드,,,수제버거 셋트를 먹었는데 맛은 있어요 부족해서 콜라와 수제버거 단품을 시켰는데 가격이 너무 비싸요,,0.06388238072395325,부정
1060,,,지역 가이드,,,두번째 방문하는데 뷰는 정말 좋음 근데 햄버거는 가격대비 비쌈 그리고 아메리카노 진짜 너무~맛없음 그냥 탄맛남 소떡소떡도 맛없고 햄버거는 보통 콜라도 작은거 줌,,0.1750703752040863,부정
1071,,,지역 가이드,,,"버거 너무 맛있는데
가격이 사악해요ㅠㅠ",,0.37974321842193604,부정
1075,,,지역 가이드,,,커피는 그냥그냥  파는곳이 여기뿐이고 날씨가 추워서 손님 많아서인지 친절하진 않음,,0.044952064752578735,부정
1078,,,지역 가이드,,,그저그래요 비쌈,,0.0014614760875701904,부정
1083,,,지역 가이드,,,너무 멎진 곳아네요,,0.14089685678482056,부정
1090,,,지역 가이드,,,"햄버거를 못먹어서 아쉬웟는데
음료는 그냥 기본이구
감튀는 넘 맛 ㅠㅠ",,0.03178685903549194,부정
1102,,,지역 가이드,,,패티가 롯데리아 재질 노맛,,0.2579888701438904,부정
1108,,,지역 가이드,,,"햄버거 개 원인데 너무비쌈
그리고세트에콜라진짜졵나인간적으로 존나작음
감튀는kfc감튀맛 
수제버거라고해도원개쌉에바 
그리고화장실문도안잠긴다 
물도잘안내려가더라 그리고한칸뿐이다
문안잠겨지는지모르고화장실에서볼일보는데밖에서문열더라 수치스러웠다
화장실에휴지도없다
자릿세인가보다 돈벌었으면화장실좀고치고 콜라좀큰거주고 그리고커피도 너무물같음",,0.011503726243972778,부정
1110,,,지역 가이드,,,"선유도 핫 플 같아요
음료가격은 적당한듯한데
햄버거가격이비싸네요
단품이천원",,0.37104690074920654,부정
1113,,,지역 가이드,,,한번쯤가볼만한곳,,0.20693209767341614,부정
1117,,,지역 가이드,,,햄버거 세트 먹었는데 일반 수제버거 맛!,,0.26019561290740967,부정
1118,,,지역 가이드,,,선유도 갔다 잠시 머문곳,,0.12965726852416992,부정
1119,,,지역 가이드,,,세트로 먹었는데 감튀는 맛있었고 햄버거랑 소떡소떡은 그냥그랬어요~!,,0.19323796033859253,부정
1120,,,지역 가이드,,,꼭 들려요!,,0.42089036107063293,부정
1124,,,지역 가이드,,,인스타용 카페인듯 트레이드마크 노란버스는 사진이 더 이뻐요 버거는 맛있는데 커피는 너무 맛없고 콜라는 넘 작아요 허허,,0.1564272940158844,부정
1129,,,지역 가이드,,,맛이 맹맹해요,,0.23082110285758972,부정
1130,,,지역 가이드,,,다들 맛있다 그래서 갔는데 테이블도 정리 안하시고 맛도 특별한건 아니였어요,,0.41537177562713623,부정
1131,,,지역 가이드,,,커피는맛없어요,,0.015596985816955566,부정
1134,,,지역 가이드,,,지림햄버거지림성의림성,,0.07883355021476746,부정
1138,,,지역 가이드,,,구,,0.48969900608062744,부정
1158,,,지역 가이드,,,가격대비 별로에요,,0.0033590495586395264,부정
1160,,,지역 가이드,,,더울때 해수욕장 안갈경우 더위를 피할수 있는 곳,,0.41616344451904297,부정
1165,,,지역 가이드,,,불친절,,0.026199817657470703,부정
1167,,,지역 가이드,,,불친절!,,0.017906665802001953,부정
1169,,,지역 가이드,,,더워서  들어간 군산선유점 엔제리너스   제철이라 그런지  불 친절 기본에  종업원 말 은 달지 않다더니  너~무달아  음료 맛을 모르겠어요 다른점 엔제리너스는  이 맛이 아녔는데,,0.018679648637771606,부정
1176,,,지역 가이드,,,"자몽에이드 주문했는데 탄산이 김빠진맛
별루에요
에그마요는 맛있었어요",,0.019068092107772827,부정
1179,,,지역 가이드,,,선유도 짚라인과 해수욕장이 보이는 오션뷰 맛집입니다 음료나 빵맛은 체인점이라 패쓰~,,0.4583139419555664,부정
1184,,,지역 가이드,,,😀,,0.37213921546936035,부정
1186,,,지역 가이드,,,마니 쌀쌀한날인데 숍안도 썰렁~,,0.41903603076934814,부정
1187,,,지역 가이드,,,알바생의 불친절로 인해 비싼 커피 마시러 와서 기분 망치고 가네요 다시는 이용하기 싫네요,,0.01527521014213562,부정
1207,,,지역 가이드,,,주문을 너무 못알아들음,,0.009233444929122925,부정
1231,,,지역 가이드,,,뷰 좋고 깔끔한데 빙수 진짜 맛없네요,,0.07415556907653809,부정
1244,,,지역 가이드,,,사람많아요,,0.1616704761981964,부정
1246,,,지역 가이드,,,낮에 갔다가 밤에 또 들렀는데 같은 메뉴가 맛도 양도 너무 달랐습니다,,0.021637827157974243,부정
1258,,,지역 가이드,,,시간이 넘 짧아서아쉬워우,,0.01861146092414856,부정
1260,,,지역 가이드,,,이층 뷰가 좋음! 커피도 그런대로,,0.41193974018096924,부정
1269,,,지역 가이드,,,보통이요,,0.04965493083000183,부정
1272,,,지역 가이드,,,나홀로 즐기기 괜잖으네요~^^,,0.4268660843372345,부정
1277,,,지역 가이드,,,"회먹고 옆에있길래 들렸는데 분위기별루고
알바인지 사장인지 남자가하나 있는데 손님오는게 세상귀찮은 표정이였음 기본적인 인사이런것도 없어요",,0.026266753673553467,부정
1292,,,지역 가이드,,,호떡은 별로,,0.025571882724761963,부정
1297,,,지역 가이드,,,맛,,0.4003438353538513,부정
1298,,,지역 가이드,,,비싸네요,,0.028132379055023193,부정
1317,,,지역 가이드,,,쏘쏘,,0.1288345456123352,부정
1324,,,지역 가이드,,,보통이에요 건강한 맛은 아니네요,,0.026485443115234375,부정
1340,,,지역 가이드,,,걍,,0.023221254348754883,부정
1344,,,지역 가이드,,,"사이즈가 작아서 좀 비싼 듯 하지만 흑임자 호떡 맛있네요
관광지라 그런지 커피가 대체로 다 비싸요",,0.48225870728492737,부정
1355,,,지역 가이드,,,ㅈ,,0.2332330048084259,부정
1358,,,지역 가이드,,,쏘쏘,,0.1288345456123352,부정
1376,,,지역 가이드,,,ㅈ,,0.2332330048084259,부정
1387,,,지역 가이드,,,관광지인데 가격대비 맛이 별로네요,,0.0026443004608154297,부정
1392,,,지역 가이드,,,비싸고 커피는 신맛이 강합니다,,0.19944888353347778,부정
1396,,,지역 가이드,,,^^,,0.37213921546936035,부정
1397,,,지역 가이드,,,^^,,0.37213921546936035,부정
1404,,,지역 가이드,,,"ㅈ즏ㅈㅁㅅㅅ
 Oovcnvc",,0.34616178274154663,부정
1410,,,지역 가이드,,,비싸요,,0.031568318605422974,부정
1417,,,지역 가이드,,,"라떼는 맛나는데 고구마라떼는 별루
친절하심",,0.15276208519935608,부정
1425,,,지역 가이드,,,,,0.24403497576713562,부정
1439,,,지역 가이드,,,그섬애,,0.3615148067474365,부정
1445,,,지역 가이드,,,궂,,0.3462231457233429,부정
1446,,,지역 가이드,,,^^*,,0.37213921546936035,부정
1447,,,지역 가이드,,,젊은 남자직원이 좀 불친절해요 무뚝뚝하네요,,0.11574104428291321,부정
1459,,,지역 가이드,,,,,0.24403497576713562,부정
1460,,,지역 가이드,,,음,,0.18573907017707825,부정
1465,,,지역 가이드,,,ㅊ,,0.31358709931373596,부정
1486,,,지역 가이드,,,GOOD,,0.37213921546936035,부정
1496,,,지역 가이드,,,,,0.24403497576713562,부정
1497,,,지역 가이드,,,아이스크림 비쌈,,0.13124290108680725,부정
1498,,,지역 가이드,,,"건어물이랑 전기차도 같이 하시던데
전기차 빌렸는데 덜덜덜
금액은 카드X 현금만 가능
탈세가 의심스러움
아이스크림만 사고 카드결제했네요",,0.15037351846694946,부정
1502,,,지역 가이드,,,먹방,,0.33524709939956665,부정
1503,,,지역 가이드,,,ㅗ,,0.44322603940963745,부정
1520,,,지역 가이드,,,아직 안먹어봐서 맛은 모르겠지만 반건조 노가리 ~마리 만원이예요 구매하면 주차권도 줌!,,0.3384307622909546,부정
1525,,,지역 가이드,,,맛은 쪼옴 ~~  ㅜ,,0.046957820653915405,부정
1529,,,지역 가이드,,,쪼아요,,0.2194703221321106,부정
1530,,,지역 가이드,,,👍,,0.37213921546936035,부정
1536,,,지역 가이드,,,양이 많아요,,0.4915769398212433,부정
1538,,,지역 가이드,,,보통이네요,,0.043612122535705566,부정
1546,,,지역 가이드,,,,,0.24403497576713562,부정
1547,,,지역 가이드,,,Good,,0.37213921546936035,부정
1550,,,지역 가이드,,,복돼지 빵이 방금했다고 했는데ㅜㅜ다 식고 빵도 너무 두껍고ㅜㅜ먹다 말았어요ㅠ장자도에서 방금나온거 예전에 먹고 기대하고 먹었는데~~~,,0.05981293320655823,부정
1573,,,지역 가이드,,,"바로구워주지않아서 별루요
식은호떡 데워주는 기분이요
이른시간도 아닌데 청소도 덜되고
첫느낌은  좋지않네요",,0.00685688853263855,부정
1575,,,지역 가이드,,,커피맛은 그닥,,0.024372994899749756,부정
